,id,created_at,text
0,1306252254828060676,2020-09-16 15:23:01,"b""@shrutiarora_IPS @citizenfirstchd Congratulations Ma'am. Regards: Alumni Affairs Cell, UIET, Panjab University. Wou\xe2\x80\xa6 https://t.co/zW46XFAdwK"""
1,1272478333880512515,2020-06-15 10:37:30,b'RT @flyingbeast320: I want people to stand with me if they think I am right. Not because I am an Influencer / youtuber. Will give all proof\xe2\x80\xa6'
2,1271684579426840583,2020-06-13 06:03:25,b'Stay Tuned for Atalk (StoriesWorthSpreading)- Season 2.\n#alumni #Atalk https://t.co/F5dDBmQbm4'
3,1270304368277860352,2020-06-09 10:38:57,b'The session was really insightful and the words of wisdom from the alumni and the experiences shared by all three a\xe2\x80\xa6 https://t.co/eESJ8ENjtn'
4,1268536946759856128,2020-06-04 13:35:51,"b'Date- 7th June, 2020\nTime- 5pm onwards\nRegister here- https://t.co/DfFzNOZXDj \n#CAT #Alumni https://t.co/YnozKnuYNE'"
5,1268419344226082816,2020-06-04 05:48:32,b'After successfully conducting 6 Episodes of Atalk - Season 1. Stay Tuned for the Finale.\n#finale #alumni https://t.co/FVc2iJUpGJ'
6,1265646569543491587,2020-05-27 14:10:31,"b'Date:- 29th May, 2020\nTime:- 5 p.m. onward\n\nRegister here:- https://t.co/1yWcOUpEUC\n#GATE #alumni #research https://t.co/mP2yZe5GAi'"
7,1264173995739328514,2020-05-23 12:39:02,"b'Date:- 25th May, 2020\nTime:- 6pm onward\n\nRegister here:- https://t.co/bDlc9LZMYu\n#CloudComputing #HCL #google https://t.co/ZiXZYHq6pc'"
8,1263107171723571201,2020-05-20 13:59:51,"b'Date:- 22nd May, 2020\nTime:- 6pm onward\nRegister here: https://t.co/TpXnnWcEUf\nBe ready !\n#alumni https://t.co/6cAkwnQmKc'"
9,1263106923819196416,2020-05-20 13:58:52,"b'Alumni Affairs Cell organized Episode-3 of Atalk on 19th May, 2020. Our alumnus Mr. Anand Puntambekar interacted wi\xe2\x80\xa6 https://t.co/NoHjZ8YMn6'"
10,1261970332581154816,2020-05-17 10:42:28,b'Date :- 19th May 2020\nTime :- 7PM\nLink to register \xf0\x9f\x91\x87\n#quarantine\n\nhttps://t.co/q8moiOuLxt https://t.co/NHI7a4Pemz'
11,1261545704339550209,2020-05-16 06:35:08,b'Brand Promotion Committee for year 2019-2020 \n#life_at_uiet\n#building_bonds https://t.co/6Xcx7C9p7e'
12,1261545492275580928,2020-05-16 06:34:18,b'Euphoria Club for year 2019-2020 \n#life_at_uiet\n#building_bonds https://t.co/Ilge3YaJZw'
13,1261545199970353152,2020-05-16 06:33:08,b'Programming Club for year 2019-2020 \n#life_at_uiet\n#building_bonds https://t.co/M9reQFJjUp'
14,1261544880653787139,2020-05-16 06:31:52,b'Osmium-The Theatre Club for year 2019-2020 \n#life_at_uiet\n#building_bonds https://t.co/YYbbv4uzbp'
15,1261544499743875072,2020-05-16 06:30:21,b'Magboard Club for year 2019-2020 \n#life_at_uiet\n#building_bonds https://t.co/0ePGqAsosp'
16,1261544285989556224,2020-05-16 06:29:30,b'Imagen Club for year 2019-2020 \n#life_at_uiet\n#building_bonds https://t.co/7zxWcMHbuO'
17,1261544068552617984,2020-05-16 06:28:38,b'Debsoc- Debating Society for year2019-2020 \n#life_at_uiet\n#building_bonds https://t.co/qlffdqbw1R'
18,1261543839384272898,2020-05-16 06:27:44,b'Jugaad- The Robotics Club for year 2019-2020\n#life_at_uiet\n#building_bonds https://t.co/1LMTePFGnI'
19,1261543710094848000,2020-05-16 06:27:13,b'Mitra NGO for year 2019-2020 \n#life_at_uiet\n#building_bonds https://t.co/NSaJJWkaRx'
20,1261543473972277248,2020-05-16 06:26:17,b'STAR- Students Team for Alumni Relations for year 2019-2020\n#life_at_uiet\n#building_bonds https://t.co/VRYNUtJKQ5'
21,1261543247148539905,2020-05-16 06:25:23,b'DCU- Dance Committee of UIET for year 2019-2020 \n#life_at_uiet\n#building_bonds https://t.co/CeuatDuejR'
22,1261542898182418432,2020-05-16 06:23:59,b'Sports Committee for year 2019-2020 \n#life_at_uiet\n#building_bonds https://t.co/MO6SmDOqjC'
23,1261542633765134336,2020-05-16 06:22:56,b'EDC- Entrepreneurship Development Cell for year 2019-2020 \n#life_at_uiet\n#building_bonds https://t.co/ij8nAhZtfS'
24,1261542456606117889,2020-05-16 06:22:14,b'SBE- Society for Biological Engineers for year 2019-2020 \n#life_at_uiet\n#building_bonds https://t.co/Gh3wpx1gDX'
25,1261542056972791809,2020-05-16 06:20:39,b'Rotaract Club UIET for year 2019-2020 @rac_uiet\n#life_at_uiet\n#building_bonds https://t.co/TdA2gZzRmb'
26,1261541886184980480,2020-05-16 06:19:58,b'TPC- Training and Placement Cell for year 2019-2020\n#life_at_uiet\n#building_bonds https://t.co/ZWl38Ph4LT'
27,1261541726121934848,2020-05-16 06:19:20,b'SAE UIET for year 2019-2020\n#life_at_uiet\n#building_bonds https://t.co/e56N0EM3Lw'
28,1261170825161371649,2020-05-15 05:45:30,b'UIET Alummi Affairs Cell proudly announces that seven students of UIET secured third position at a national level c\xe2\x80\xa6 https://t.co/rkD8njy3wm'
29,1260936599535185925,2020-05-14 14:14:47,b'UIET Alummi Affairs Cell proudly announces that seven students of UIET secured third position at a national level c\xe2\x80\xa6 https://t.co/crT5hwu64N'
30,1259120105968922626,2020-05-09 13:56:41,"b'In the midst of a pandemic wave, STAR presents you with an opportunity to connect with our Alumni through a multipl\xe2\x80\xa6 https://t.co/eTZZnjMyqF'"
31,1259003924561838080,2020-05-09 06:15:01,"b'Lovejot Singh Chhabra, Founder and CEO, Cyber Defence Intelligence, is more than just an IT graduate, an entreprene\xe2\x80\xa6 https://t.co/IA8CB2UGfU'"
32,1256577144265666561,2020-05-02 13:31:51,b'Congratulations team B-Ron Motors for winning NEKC 3.0 - National Electric Kart Championship 2020 held on 2nd March\xe2\x80\xa6 https://t.co/IJre16tarn'
33,1256378498031054848,2020-05-02 00:22:30,"b""Greetings from *UIET's Alumni Cell*\n\nGreetings from *UIET's Alumni Cell*\nYou, our alumni are a priceless possession\xe2\x80\xa6 https://t.co/Qa8IxbgMrK"""
34,1256227589758300160,2020-05-01 14:22:51,b'UGC guidelines :\n#UGC\n#lockdown \n#Lockdownextention https://t.co/SU6myFZ2h4'
35,1255376982981906432,2020-04-29 06:02:51,"b'Corona cases count India \nAs on 29th April 2020 , 08:00 AM \nActive cases : 22629\nCured : 7695\nDeaths : 1007\nMigrate\xe2\x80\xa6 https://t.co/n7cq1nxbBY'"
36,1255013537358864384,2020-04-28 05:58:38,"b'Corona cases count India \nAs on 28th April 2020 , 08:00 AM \nActive cases : 21632\nCured : 6868\nDeaths : 934\nMigrated\xe2\x80\xa6 https://t.co/ogQ7kaK71T'"
37,1254826453285261312,2020-04-27 17:35:14,b'#COVID2019india #Corona #GoCoronaGo #Quarantine #QuarantineLife #CoronaWarrior #mask #sanitizer https://t.co/SbXLTKUAEJ'
38,1254786037458460673,2020-04-27 14:54:38,b'#COVID2019india #Corona #GoCoronaGo #Quarantine #QuarantineLife #CoronaWarrior #mask #sanitizer https://t.co/3t3lsowBlV'
39,1254766034038304770,2020-04-27 13:35:09,b'#Quarantine #we_are_together #COVID2019india #mask #sanitizer https://t.co/NCrD9uUyAq'
40,602141481726398465,2015-05-23 15:58:11,"b'Aayush Joshi,IT 2010 pursuing PhD @BirminghamUniversity Was fun meeting him but the show stopper was surely his mom! http://t.co/UIdGBzEAoz'"
41,602135365739122688,2015-05-23 15:33:52,"b""Let's Get Together &amp; discuss the various prospects of Alumni Affairs UIET this Summer #ShirleyTemple http://t.co/Sz8xNUhHSD"""
42,592342382571487232,2015-04-26 15:00:03,"b""Dear Alumni, due to some technical issues we were able to publish this month's Newsletter. We are trying to give... http://t.co/CrxWYPW0Zi"""
43,589475376616722432,2015-04-18 17:07:36,"b""Here are some of the highlights of our today's event 'Alumni Interaction for Placements' \nWe got a really great... http://t.co/P3GjlwIrBQ"""
44,589084667783020544,2015-04-17 15:15:04,"b'""Practice makes a man perfect""-Anonymous. This old saying is certainly applicable in case of placements. The more... http://t.co/cXPJupVfyU'"
45,588722282001989632,2015-04-16 15:15:04,b'Do you feel uncomfortable while speaking in a group? Do you know what are the ethics of a group discussion? Is... http://t.co/hu8k6OMrGM'
46,588364939758284800,2015-04-15 15:35:07,"b""Here's a glimpse of 'Alumni Interaction for Placements' that was organized last year. \nThe students found the... http://t.co/5QzVre7G4c"""
47,588012353020637185,2015-04-14 16:14:04,"b""You have a 9.2 CGPA but you can't really express yourself to others. What really matters in getting selected by a... http://t.co/9O91v5OaTE"""
48,587277756443955200,2015-04-12 15:35:02,b'You know you are really good but are you better than the other candidate? When only 10 are going to get selected... http://t.co/1hMyb98z2U'
49,586920102139994113,2015-04-11 15:53:51,"b'Get a head start in the upcoming placement season!\nWe present to you ""Alumni interaction for Placements"" an event... http://t.co/7b2RdefEdg'"
50,585814361836400640,2015-04-08 14:40:02,"b'We are organizing Alumni Interaction for Placements 2.0\nWe had a great time last year, hope to see you this time... http://t.co/c8ugY7gwkg'"
51,585470591320399872,2015-04-07 15:54:01,"b'From just a few rooms in the main campus of Panjab University to the newly built Seminar room, Each passing batch... http://t.co/08AbCFmisr'"
52,584364812072853504,2015-04-04 14:40:02,b'We had a lot of fun at the Convocation of the Batch of 2014! \nWe hope the Convocation will certainly be... http://t.co/hipfZ0xx8G'
53,583655144295899136,2015-04-02 15:40:04,b'After a hectic day at work come back home and have a look on these. You will surely go back to those fun days... http://t.co/VTjP0YJuBQ'
54,583282694655778816,2015-04-01 15:00:05,b'Its not an end but a new beginning. Convocation of the batch of 2014 is here. Please reach the Law Auditorium on... http://t.co/scqqoG3ClF'
55,582915259511349249,2015-03-31 14:40:02,"b'Lets meet and discuss ways of increasing and strengthening our alumni network  :)\n \nTo be a part of the meetup,... http://t.co/gBPf2UrdMd'"
56,582565710666309632,2015-03-30 15:31:03,"b""Let's meet and discuss effective ways through which we can reach our year goals. \n\nTo be a part of the meetup,... http://t.co/qtv2Bj3p6v"""
57,582204023413051392,2015-03-29 15:33:50,b'Coffee Meetups are back!\nTalk to us about everything from your college experiences as a student to your... http://t.co/vuZ8QltuUC'
58,580753777638174720,2015-03-25 15:31:05,b'Have you thought your excuse for skipping a day at work? Or Are you planning to be in your cubicle at a time when... http://t.co/q5JoCLMieO'
59,579947997452193792,2015-03-23 10:09:12,"b'We bring you the 19th Edition of our Newsletter, connEXions. The month of February saw lots of activities on the... http://t.co/HLmpvTTJvB'"
60,579909208981811200,2015-03-23 07:35:04,b'#InquilabZindabad http://t.co/iVQE5B18s6'
61,577501482104188928,2015-03-16 16:07:37,"b'We present to you the February edition of our newsletter!\nThis month bustled with a lot of activities.\nMajorly,... http://t.co/ocJR3zhkM9'"
62,573696844808785920,2015-03-06 04:09:21,"b'We wish all of you a very happy and colorful holi! :)\nIf you are near Panjab University tomorrow, do come over... http://t.co/RA7bOndHSg'"
63,573123242384338945,2015-03-04 14:10:03,b'We are proud to present to you the second edition of our alumni magazine!\nGet to know about all the amazing... http://t.co/WoyfhIdpdE'
64,570579087804248064,2015-02-25 13:40:30,"b""There is something huge happening at the campus from tomorrow. We hope you've heard the buzz. If not visit:... http://t.co/lY0Llke51b"""
65,570549013747015681,2015-02-25 11:40:59,"b'For all those who missed meeting our alumna Namrata Saigal, here is a glimpse of the conversation that took place... http://t.co/8sR7KwMHNx'"
66,570239560850006017,2015-02-24 15:11:20,b'Here comes the BIO-TECH batch of 2006. Help us connect with each and every alum of UIET by updating your details... http://t.co/FkbhNiH4FP'
67,569872152436060160,2015-02-23 14:51:23,"b""Have a great idea but don't know how to convert it into a Business? Learn every single aspect of Entrepreneurship... http://t.co/c1mr9z9rof"""
68,569524386228670464,2015-02-22 15:49:29,"b'Look whose here, the ECE batch of 2006. At a time when smartphones were a thing of future, these smart students... http://t.co/x2sSnuk66f'"
69,569158108137725952,2015-02-21 15:34:02,"b'From just a bunch of kids in 2002 to the biggest department of Panjab University, UIET has certainly moved... http://t.co/V3D7mhvWFp'"
70,566879198200213504,2015-02-15 08:38:27,b'Hope you are enjoying the match the entire world had been waiting for. \nWho do you think will win? \n#IndvsPak... http://t.co/FWnctOVFcL'
71,564093208540766208,2015-02-07 16:07:55,"b'We thank our alumna, Namrata Saigal for helping, motivating and encouraging students through the soft skills... http://t.co/1Gw06xCngr'"
72,563019566121771008,2015-02-04 17:01:39,"b'Our Training and Placement Officer, Dr. Sarbjeet Singh has an important message for the students of UIET and the... http://t.co/nICAsnjpKG'"
73,563009254198878208,2015-02-04 16:20:41,"b'For those of you who missed it, here are a few glimpses of Academia Industry Meet which was held on the 31st of... http://t.co/XFna8wblof'"
74,562634122309697536,2015-02-03 15:30:02,"b""Thankyou for attending the Academia Industry Meet. It couldn't have been a success without you :) http://t.co/UB4IcOWiJP"""
75,561190086910287872,2015-01-30 15:51:57,"b""Here's the teaser for the Alumni Get Together and Academia Industry Meet. \n\n#ComingHome #Reunion http://t.co/wyIV3fbULo"""
76,561163743036723200,2015-01-30 14:07:16,b'Only 1 Day left for the Alumni Get Together and Academia Industry Meet. \nWe are excited to host you tomorrow!... http://t.co/3fDLZitAIA'
77,560850041326567424,2015-01-29 17:20:44,"b'The college balconies, canteen, nescafe booth, workshops and hostel, these are some of the best hangouts that... http://t.co/nuo331MHC0'"
78,560473018133405696,2015-01-28 16:22:35,"b'The midnight coffee, maggi, never ending chats, politics, bunking classes, birthday bumps, copying assignments... http://t.co/bThX2jt24J'"
79,560472690533076992,2015-01-28 16:21:17,"b'The midnight coffee and maggi, never ending chats, politics, bunking classes, birthday bumps, copying assignments... http://t.co/ft0mg7PjPe'"
80,560089861269385217,2015-01-27 15:00:03,b'The time spent with friends at StuC will be always be among the best times at the university! :)\nRelive the... http://t.co/YrKb5y00Y2'
81,560086958991769601,2015-01-27 14:48:31,"b'The Alumni Affairs Office will release the Annual Alumni Magazine, NEST at the Academia-Industry Meet. We will be... http://t.co/TZjCNQG90K'"
82,559740410067578881,2015-01-26 15:51:27,b'Have you registered for the Alumni Get Together on 31 January 2015?\nRegister now for only 5 days left.\nThe... http://t.co/pSTsBlezee'
83,559614746601979904,2015-01-26 07:32:07,b'The Alumni Affairs Office wishes everyone a very Happy Republic Day. We hope that this day means a lot more to... http://t.co/3BSEKjCSz1'
84,559388236985167872,2015-01-25 16:32:03,b'Only 6 days left for another get together with your college-mates. What is a reunion without friends? Invite them... http://t.co/Bc9YRgJ7fM'
85,559010249659543552,2015-01-24 15:30:04,"b'The countdown has begun! \nWe are really excited to see you at the Alumni Get together on 31st January, 2015 at... http://t.co/R6ZJYHjR8e'"
86,559004502129643520,2015-01-24 15:07:13,"b'With the vision of making Panjab University the launchpad for start-up companies and innovative projects, UDYAMI... http://t.co/KHiLinhbgz'"
87,558932688053485568,2015-01-24 10:21:51,"b'Thank you supporting our cause of unifying the alumni of our institute. With every milestone we cross, we are... http://t.co/9kQNJacJIL'"
88,557839612199305217,2015-01-21 09:58:22,"b""Our Alumnae Anantika Nautiyal and Heena Gupta of CSE 2014 Batch have developed a 'College Alerts' app which... http://t.co/F6vy0djPyl"""
89,557567713993052160,2015-01-20 15:57:56,"b""We have started a campaign to increase our alumni network. \nHelp us find your batch-mates!\nWe'll be calling you... http://t.co/81xmtCI06q"""
90,557566698937909248,2015-01-20 15:53:54,"b""We have started a campaign to increase our alumni network. \nHelp us find your batch-mates!\nWe'll be calling you... http://t.co/1U4vmRNkdX"""
91,557561664871350273,2015-01-20 15:33:54,b'We have started a campaign to get in touch with our lost alumni.\nHelp us achieve the target by providing their... http://t.co/IwAHXmQyQh'
92,557198304367607808,2015-01-19 15:30:02,"b'Because through the Academia Industry Meet, our alumni can inspire, motivate and encourage the juniors by sharing... http://t.co/2TYoue4tQ9'"
93,557177422731546625,2015-01-19 14:07:04,b'http://t.co/yKeNXaBXkI'
94,557168107635355648,2015-01-19 13:30:03,"b'Our alum, Anshuman Gupta (Batch 2012), currently working with Thomson Reuters IP &amp; Science group in Delhi is... http://t.co/VnzIDeAIXB'"
95,555378821130903552,2015-01-14 15:00:04,b'We present to you a brief agenda of the Academia Industry Meet. We are optimistic of a fruitful discussion that... http://t.co/KJDgxr3y9i'
96,555019562865795073,2015-01-13 15:12:30,b'The Alumni Affairs Office wishes everyone a very Happy Lohri :) http://t.co/49Vzizw21n'
97,555019323551789056,2015-01-13 15:11:33,b'I posted a new photo to Facebook http://t.co/5Bzr6AwfGc'
98,554906588780437504,2015-01-13 07:43:35,b'http://t.co/6JxAp5P8Fl'
99,554299206161399808,2015-01-11 15:30:03,b'Because the Academia Industry Meet is followed by a reunion.\nFor more details visit: http://t.co/DQWuGnpeNG http://t.co/ML1uAfUc3U'
100,553936814378328067,2015-01-10 15:30:02,b'Because through Academia Industry Meet  we wish to help current students take a leap forward in exploring... http://t.co/A2dkM0nGws'
101,553574426353352704,2015-01-09 15:30:02,b'Through Academia Industry Meet we aim to forge industrial ties through the UIET alumni network.\nWe plan to... http://t.co/fjY404hkrQ'
102,550358242074054658,2014-12-31 18:30:04,b'The Alumni Affairs Office wishes all of you a very happy and prosperous new year  :)\nWe are updating our database... http://t.co/QaE59lsBG9'
103,548145636118233088,2014-12-25 15:57:58,b'May the joy and peace of Christmas be with you all through the Year. :-)\n\nMerry Christmas http://t.co/IaGQBfkBCy'
104,548123555951427584,2014-12-25 14:30:14,b'May the joy and peace of Christmas be with you all through the Year.\n\nMerry Christmas :) http://t.co/HoAiM8asBY'
105,538716528087425025,2014-11-29 15:30:03,"b'Through the Career Advancement Meet, we aim to discuss the challenge of bringing core companies to UIET and think... http://t.co/CHYQJqXLsS'"
106,538007407486861312,2014-11-27 16:32:16,"b'To make the Career Advancement Meet more productive, we have postponed the event to 13 December 2014.\nWe hope to... http://t.co/xnfkvreMqa'"
107,537282968176562176,2014-11-25 16:33:36,"b""What projects should UIET students take up ?\n\nTo make 'Career Advancement Meet' a productive tool for increasing... http://t.co/0O2GIkaClz"""
108,536174300303458304,2014-11-22 15:08:09,"b'Step Up to Make a Difference\n\nWe are organizing Career Advancement Meet, an event that aims to bridge the gap... http://t.co/V65ZCTCS9r'"
109,534367870168608768,2014-11-17 15:30:02,"b'Our alum, Hanook Masih is coming for a preplacement talk on Thursday!\nHelp us get your company on board :) http://t.co/HhiAn7DaYe'"
110,532571688874283008,2014-11-12 16:32:39,b'Alma-matter matters.\nEngineering aspirants see UIET as a centre for ultimate knowledge. It is the foundation for... http://t.co/JsSHm3OmZL'
111,531831158682972160,2014-11-10 15:30:03,"b'For those who have missed our newsletter, have a look :\n\nThe 17th edition of our monthly newsletter \xe2\x80\x98connEXions\xe2\x80\x99... http://t.co/HmwIDYNxXr'"
112,530367072485003265,2014-11-06 14:32:18,"b'The 17th edition of our monthly newsletter \xe2\x80\x98connEXions\xe2\x80\x99 brings you many new updates by the Alumni Affairs Office,... http://t.co/PRrjiIW5tM'"
113,526395339079942144,2014-10-26 15:30:03,"b'After a number of successful reunions, we are coming to Hyderabad!\nWe would love to meet all our alumni based in... http://t.co/iC4hSv5P1A'"
114,525190297765294080,2014-10-23 07:41:39,"b'May the divine light of Diwali spread peace, prosperity, happines and good health in your lives :)\nHappy Diwali! http://t.co/QoM0vJbv2E'"
115,520597059356090368,2014-10-10 15:29:45,"b'As the students of UIET continue to thrive to build their career, placements for the session 2014-15 have set a... http://t.co/NdnhI5doyC'"
116,519157105631449088,2014-10-06 16:07:54,"b'There is no elevator to success,\nYou have to take the stairs!\n\nHere are some life lessons that college taught us... http://t.co/owKUJ6k8Qx'"
117,518796869728993281,2014-10-05 16:16:27,"b'""Placement Statistics set record in the second round of placements with more companies yet to visit.""\n""Alumni... http://t.co/KmuUWYtcmg'"
118,518793095128043520,2014-10-05 16:01:27,"b'""Placement Statistics set record in the second round of placements with more companies yet to visit.""\n""Alumni... http://t.co/grxkG7hmlZ'"
119,514807820555153408,2014-09-24 16:05:23,"b'The brand value of a college is determined by the success of its alumni. \nHence, alumni connections are very... http://t.co/Z9Iq8lUizm'"
120,514436539171229697,2014-09-23 15:30:03,"b'Have a glimpse at some of the fun moments of the Bengaluru Reunion :)\nFor more pics, visit:... http://t.co/WG98W266g4'"
121,514074152081166336,2014-09-22 15:30:03,b'Thank you alumni for making the Bengaluru Reunion possible!\n\nThe event was a huge success and everyone left with... http://t.co/d5TrLCbpgc'
122,513392737971097600,2014-09-20 18:22:21,b'We thank all the alumni of Bengaluru for making this event a success :)\nYour kind and positive words made our day ! http://t.co/DTD9OnJ0i2'
123,513325904723210241,2014-09-20 13:56:47,"b""We are here!\nWe've got 5 minutes to go for the Reunion.\nAwaiting your presence :) http://t.co/WtmLIgFoTO"""
124,513199116202283008,2014-09-20 05:32:58,b'We landed in Bengaluru yesterday :)\nWe are looking forward to meeting you all at the evening dinner.\nLet the... http://t.co/gWSdZvUvm4'
125,512986988686094336,2014-09-19 15:30:03,b'We will be landing in Bengaluru tonight!\nWe will be accompanied by 2 of our faculty members.\nHope to see you all... http://t.co/c0qC0AtcKP'
126,512641286130892800,2014-09-18 16:36:21,b'We are coming to Bengaluru!\nThis will be the first ever reunion of UIET alumni in Bengaluru.\nGet ready to connect... http://t.co/Q6MuiwM1Db'
127,511208649466073088,2014-09-14 17:43:34,"b'We are coming to Bengaluru!\nThis will be the first reunion of UIET alumni in Bengaluru.\nCome, join us :)\nDate:... http://t.co/oFr7LByOcl'"
128,510842269138948097,2014-09-13 17:27:42,"b'""Take the attitude of a student, never be too big to ask questions, never know too much to learn something new. ""... http://t.co/dCF6wIEXvE'"
129,510840961061367808,2014-09-13 17:22:30,"b'""Take the attitude of a student, never be too big to ask questions, never know too much to learn something new. ""... http://t.co/LVdWMNTtXd'"
130,508615722709577728,2014-09-07 14:00:12,b'We are coming to Bengaluru!\nIt will be the first ever get together of UIET alumni in Bengaluru.\nDate: 2Oth... http://t.co/v6s0EnvXlL'
131,507830556839907328,2014-09-05 10:00:14,"b""We wish all the teachers of UIET, a very happy teachers' day!\nWe thank them for teaching us, guiding us,... http://t.co/gnxCSS1JGp"""
132,507819352805347329,2014-09-05 09:15:43,"b""We wish all the teachers of UIET, a very happy teachers' day!\nWe thank them for teaching us, guiding us,... http://t.co/l2k1dMpBOQ"""
133,507551615407378432,2014-09-04 15:31:49,"b'""UIET\'s placement record surges to newer heights within a month, more companies to come yet""\n\n""UIET celebrates... http://t.co/dwbpKpy7iJ'"
134,507544088087117825,2014-09-04 15:01:54,"b'""UIET\'s placement record surges to newer heights within a month, more companies to come yet""\n\n""UIET celebrates... http://t.co/wAgG87jWZh'"
135,507203948269543424,2014-09-03 16:30:19,b'Have a look at the Student Team for Alumni Relations (STARs) page!\nIt includes sneak peaks to all the behind the... http://t.co/Klvz1iq2GU'
136,506829855036817408,2014-09-02 15:43:48,b'We are coming to Bengaluru!\nIt will be the first ever get together of UIET Alumni in Bengaluru.\nLet us know if... http://t.co/5KObqQSoue'
137,505040248276254720,2014-08-28 17:12:33,"b""We would like to thank our alumna, Pragati Garg (Cse, 2006) for her contribution towards UIET's growth story and... http://t.co/iLNGYcK0Vu"""
138,504674351753752576,2014-08-27 16:58:36,"b'We thank our alumnus, Yajur Digvijay Singh Brar (B.E+ MBA, Mech 2013) for interacting with the first year... http://t.co/5C4GKFG7Yy'"
139,504657061553381376,2014-08-27 15:49:54,"b'Unosolutions came to UIET yesterday and 6 students got placed. We thank our alumna, Tulika, for bringing her... http://t.co/zR9WM5gdun'"
140,504309600834031616,2014-08-26 16:49:13,b'We celebrated the 12th Birthday of UIET today through a cake-cutting ceremony in the presence of the faculty and... http://t.co/8UOseBS6dD'
141,504180762800062464,2014-08-26 08:17:15,"b""It's UIET's Birthday today !\nWe are celebrating it through the UIET Legacy Day. The day aims to \n uphold the... http://t.co/6bQauFVVoc"""
142,503956378810335233,2014-08-25 17:25:38,"b'Tomorrow we celebrate the 12th birthday of UIET!\nIt will be a celebration of our success, progress and... http://t.co/gsXh8W6vlX'"
143,503587518290608129,2014-08-24 16:59:55,b'We are celebrating the 12th birthday of UIET!\nIt aims to build an efficacious legacy of faith and commitment for... http://t.co/soVoldgp8P'
144,503082992571797504,2014-08-23 07:35:06,b'We are celebrating the 12th birthday of UIET!\nIt aims to build an efficacious legacy of faith and commitment for... http://t.co/DURA8xi3zE'
145,502156699395182593,2014-08-20 18:14:21,b'We are celebrating 12 years of UIET through the UIET Legacy Day.\nWe aim to strive for excellence in every field... http://t.co/5o7FZyv33b'
146,502126411139014656,2014-08-20 16:14:00,b'We are celebrating 12 years of UIET through the UIET Legacy Day.\nWe aim to strive for excellence in every field... http://t.co/ebDtHctvGU'
147,500179203531493377,2014-08-15 07:16:29,"b""This special day let's promise our Motherland that we'll do everything  to enrich and preserve our heritage, our... http://t.co/a7V2n12QI5"""
148,500177947312259072,2014-08-15 07:11:30,"b""This special day let's promise our Motherland that we'll do everything  to enrich and preserve our heritage, our... http://t.co/l7XC0zUdwS"""
149,499614336357511168,2014-08-13 17:51:54,"b""We are celebrating 12 years of UIET through the UIET Legacy Day.\nIt's the time to build an efficacious legacy of... http://t.co/gjWCmo0DQH"""
150,497425414789160960,2014-08-07 16:53:55,"b""It's the time to build an efficacious legacy of faith and commitment for sustaining the growth of UIET.\nIt's the... http://t.co/8phJ4Y96YD"""
151,497394258832523264,2014-08-07 14:50:07,b'\xe2\x80\x9cI turned for a class 20 minutes late in shorts and a professor I shall not name here said- \xe2\x80\x9cBeta kapde kahan... http://t.co/gAViAYzOLv'
152,495571965634433024,2014-08-02 14:08:58,"b'We are organizing ""Alumni interaction for Placements"" on 9th August (Saturday).\nThis aims at equipping the final... http://t.co/qkyrrq8PqR'"
153,495269526767149056,2014-08-01 18:07:11,b'We are celebrating 13 years of UIET through the UIET Legacy Day.\nIt aims to establish a strong legacy of... http://t.co/hFbh8NAYpn'
154,494534764670750720,2014-07-30 17:27:30,b'We would like to thank all the alumni who took out time from their busy schedules and made the coffee meetups... http://t.co/CYtM1X2HlT'
155,494368946376957952,2014-07-30 06:28:36,"b'We met Prateek (IT, 2012) and Kewal (Cse, 2012) at Black Bucks Coffee House, in Gurgaon. Prateek has recently... http://t.co/BtOPqaT42i'"
156,493729754831679488,2014-07-28 12:08:41,"b'We met Namrata Saigal (ECE, 2008), currently working as Management Consultant at KPMG Advisory, at CBTL, Khan... http://t.co/QTIplMYwuE'"
157,493672695889158144,2014-07-28 08:21:57,"b'We met Namrata Saigal (ECE, 2008), currently working as Management Consultant at KPMG Advisory, at CBTL, Khan... http://t.co/08z6qZjqR5'"
158,493419329632075776,2014-07-27 15:35:10,"b'We met Saumil Rampal (T&amp;IT, 2006), working as a senior analyst at CEB, at Starbucks, Cyberhub, in Gurgaon,... http://t.co/cuIrUXTXxf'"
159,493363898557665280,2014-07-27 11:54:54,"b'We met Manik Sharma (Mech, 2010), at Cha Bar, Connaught Place, in Delhi, yesterday. He has his own startup called... http://t.co/0GX5XYVs6F'"
160,493015517511573504,2014-07-26 12:50:33,"b'We met Neha Sethi (Bio, 2008), currently working as the CEO of Reliance NRI Services, at her home, yesterday. We... http://t.co/E3CWBEjGqq'"
161,492673064292081664,2014-07-25 14:09:46,"b'We also met Gajendra Singh (Bio, 2006), currently working as marketing manager at the Bank of India, in Delhi,... http://t.co/e3Jamo3zmg'"
162,492644027897217024,2014-07-25 12:14:23,"b'We met Vipin Singla (Cse, 2006), currently working at the Royal Bank of Scotland, in Delhi, today. He became... http://t.co/Mrj66ccRHP'"
163,492353584147988480,2014-07-24 17:00:16,"b'We also met Sandeep (Bio, 2009), currently working with Desh Bhagat University, at his office today. He... http://t.co/OgkXIJh0gB'"
164,492318955793817600,2014-07-24 14:42:40,"b'We met Nitin Sharma (Bio, 2007), currently working as MD for Orbit Biotech, Mohali, at his office today. He... http://t.co/ojcWn51mJf'"
165,491993079101272064,2014-07-23 17:07:45,b'I posted a new photo to Facebook http://t.co/bFzXKT2BWQ'
166,491991983611969536,2014-07-23 17:03:24,"b'We are organizing ""Alumni interaction for Placements"" on 9th August (Saturday).\nThis aims at equipping the final... http://t.co/6tWYKPUY5E'"
167,491626962012872704,2014-07-22 16:52:56,b'We will be in Delhi from 25th July to 27th July and would love to get in touch with you and discuss how can we... http://t.co/kusfHRglg4'
168,491263751749124096,2014-07-21 16:49:40,"b'We met Avneesh (EEE,2010 batch),currently working at Infosys at IT Park Chandigarh today. He shared his memorable... http://t.co/Kj349uvZDG'"
169,489654530519609344,2014-07-17 06:15:12,b'Facebook only allows 4-6% of our followers to see the posts from our page. \n\nPlease visit our page and choose the... http://t.co/BvEaRNSkmf'
170,487634156386402304,2014-07-11 16:26:57,"b'5 Reasons ""Why you should Give Back to UIET"" \nReason #5\n \nVisit... http://t.co/ikem8QBD8k'"
171,487593032058146816,2014-07-11 13:43:32,"b'We met Saurav Gupta (TIT, 2007 Batch), Design Engineer at CDAC, Mohali at his workplace today. He delightfully... http://t.co/uhDZsZMMNj'"
172,486896263179550721,2014-07-09 15:34:49,"b'5 Reasons ""Why you should Give Back to UIET"" \nReason #4\n\nVisit... http://t.co/SwYqgOgntX'"
173,486109834031284224,2014-07-07 11:29:50,"b""Let's Meet up for a Coffee!\n\nIf you are based in Chandigarh or will be in Chandigarh over the next week then give... http://t.co/YwPBhvaoyD"""
174,485462402075754497,2014-07-05 16:37:10,b'We would love to have an informal meet up with you over a cup of coffee.\n\nSo if you are based in Chandigarh or... http://t.co/r7R9naJplu'
175,485093475751583744,2014-07-04 16:11:11,"b'5 Reasons ""Why you should Give Back to UIET"" \nReason #3\n\nVisit... http://t.co/je68FAYXha'"
176,484682690487021568,2014-07-03 12:58:53,"b'5 Reasons ""Why you should Give Back to UIET"" \nReason #2\n\nVisit... http://t.co/svZtXztvUB'"
177,483988651693862912,2014-07-01 15:01:01,"b'\xe2\x80\x9cEven though I had a bulk load of reappears, I kept my attendance up to the mark (either by hook or by crook) ;)... http://t.co/YSCfOY8Xbq'"
178,483987961110085632,2014-07-01 14:58:16,"b'\xe2\x80\x9cEven though I had a bulk load of reappears, I kept my attendance up to the mark (either by hook or by crook) ;)... http://t.co/puzAlvgmlS'"
179,483648745637445633,2014-06-30 16:30:21,"b'5 Reasons ""Why you should Give Back to UIET"" \nReason #1\n\nVisit... http://t.co/U6VhzTtzyo'"
180,482923782642737152,2014-06-28 16:29:36,"b'Over Rs. 50,000 has been raised since the launch of our Giving Back campaign-The UIET Legacy | Our College, Our... http://t.co/OlkRraHRDt'"
181,482484250466615296,2014-06-27 11:23:04,"b'Over Rs. 50,000 has been raised since the launch of our Giving Back campaign-The UIET Legacy | Our College, Our... http://t.co/0B4KqWq738'"
182,481835092697165824,2014-06-25 16:23:32,b'\xe2\x80\x9cWe make a living by what we get. We make a life by what we give.\xe2\x80\x9d \n\xe2\x80\x95 Winston Churchill\n\nThe Alumni Affairs... http://t.co/owImdcyJaC'
183,481491740377903104,2014-06-24 17:39:11,b'\xe2\x80\x9cWe make a living by what we get. We make a life by what we give.\xe2\x80\x9d \n\xe2\x80\x95 Winston Churchill http://t.co/H18ZFocMvD'
184,481117557790105600,2014-06-23 16:52:19,"b'""The power of alumni is incredible and if harnessed properly it can do wonders for the institute."" Rakesh... http://t.co/oizUDJmvI0'"
185,479912116816990208,2014-06-20 09:02:19,b'The placements for this year will begin from August 2014 and this placement session we wish to help current... http://t.co/8gHrPRByoW'
186,479556811792855040,2014-06-19 09:30:28,b'The best way to reconnect is a Reunion!\n#FacebookDown http://t.co/mVm1wwTZpU'
187,478895858600005632,2014-06-17 13:44:04,b'Do you wish to help UIET students with their Campus Placements this year?\n\nThe placements for this year will... http://t.co/lP2cuUgN73'
188,477129007767752705,2014-06-12 16:43:14,b'Is your company hiring freshers this year?\n\nThe placements for this year will begin from August 2014 and this... http://t.co/sHk8zbA7SQ'
189,476751691791228928,2014-06-11 15:43:55,"b'With a lot of new interesting updates, we are proud to present the May Edition of our monthly newsletter... http://t.co/D6lielOQJ5'"
190,474576779261128704,2014-06-05 15:41:36,"b'The Contest has started!\nThere will be a single photo contest &amp; a photo album contest.\nSo, pick up your camera &amp;... http://t.co/WttFmPiLtZ'"
191,473370587696332800,2014-06-02 07:48:37,b'UIET Alumni: Job Opening\n\nAkamai Technologies Bangalore hiring Instructional Designer.\nIf interested drop your... http://t.co/37hdQEUHux'
192,472780583140356096,2014-05-31 16:44:09,b'UIET Alumni: Job Opening\n\nDesign Factory India is looking for interns and Full time people in the field of... http://t.co/W0Y2wApJI9'
193,471320999711887360,2014-05-27 16:04:17,"b""'A good snapshot keeps a moment from running away!'\nHere comes your chance to 'Capture the Essence of UIET'.... http://t.co/nT20f38oCC"""
194,468601302889410560,2014-05-20 03:57:11,b'The Alumni Affairs Office at UIET cordially invites you to its first ever Alumni Reunion of the US Chapter on... http://t.co/wq3na89nFF'
195,467340935110467585,2014-05-16 16:28:56,b'The Alumni Affairs Office at UIET cordially invites you to its first ever Alumni Reunion of the US Chapter on... http://t.co/jnWEP83pWk'
196,465527252197703680,2014-05-11 16:22:00,b'The first ever get together of UIET Alumni in USA by the US Chapter is going to happen on 24th May. \n\nTo know the... http://t.co/m8BYCJghWk'
197,465167389399597056,2014-05-10 16:32:02,b'UIET Alumni: Job Opening at Winshuttle\n\nCurrent open positions:\n\xe2\x80\xa2 Quality Engineer (Connect): Experience \xe2\x80\x93 3-5... http://t.co/RdPSH6lIax'
198,464427687613063168,2014-05-08 15:32:44,"b'UIET Alumni: Job Opening\n\nAkamai Technologies Bangalore hiring Senior QA Engineer , if interested drop your... http://t.co/xk2HRF8DzM'"
199,464073178801643520,2014-05-07 16:04:02,b'The first ever get together of UIET Alumni in USA by the US Chapter is going to happen on 24th May. \n\nTo know the... http://t.co/qf7THwWlSk'
200,463716676572164096,2014-05-06 16:27:25,b'UIET Alumni: Job Opening\n\nThere is an urgent PHP Developer opening in a Startup named ReGlobe.in. Details are as... http://t.co/xClNs1bnpk'
201,463275868014784512,2014-05-05 11:15:48,b'Job Opening:\n\nApplications are invited for one post of Senior research fellow (temporary for 2 yrs)  sanctioned... http://t.co/oOOTxlJpzJ'
202,462929498242297856,2014-05-04 12:19:27,b'UIET Alumni: Job Opening at Deloitte Consulting\n\nOpportunity 1:\nSenior Consultant/Manager - PeopleSoft/EBS HRMS... http://t.co/yvjvIPMFsU'
203,462271541955137536,2014-05-02 16:44:58,b'UIET Alumni: Job Opening\nHere is an opportunity for all Freshers/Experienced professionals (Male candidates)... http://t.co/QoZNCPGOh6'
204,461722363168423936,2014-05-01 04:22:44,"b'I posted 22 photos on Facebook in the album ""Workshop|MBA Interaction &amp; Resume Review"" http://t.co/Yo5xzEZMkN'"
205,461427041204572160,2014-04-30 08:49:14,"b'I posted 10 photos on Facebook in the album ""Convocation- Batch of 2013"" http://t.co/fwZ6C7S0DP'"
206,461373951684272128,2014-04-30 05:18:16,"b'I posted 18 photos on Facebook in the album ""Alumni-Students Career Conference"" http://t.co/ej5HNKtojD'"
207,461149711949631488,2014-04-29 14:27:13,"b'Want to be the face of UIET?\n\nNidhan Puri (B.E. Mechanical 2009) says his biggest achievement is,""Yet to be fired... http://t.co/JjVHm30bHU'"
208,460805951843348482,2014-04-28 15:41:14,"b""Workshop|CV Building &amp;MBA Interaction, Tuesday 29th April'14\nGet to know:\nIs your CV/Resume upto the industry... http://t.co/ugMKc0ZFwn"""
209,460481093431336960,2014-04-27 18:10:22,"b""Workshop|CV Building &amp;MBA Interaction, Tuesday 29th April'14\nGet to know:\nIs your CV/Resume upto the industry... http://t.co/E9BspohJSb"""
210,460038967342014464,2014-04-26 12:53:31,"b""The Alumni Affairs office is organizing a one day workshop on Tuesday, 29th April '14. The event aims to help... http://t.co/VRbNAf62PN"""
211,459372674574086144,2014-04-24 16:45:55,"b""The Alumni Affairs office is organizing a one day workshop on Tuesday, 29th April '14. The event aims to help... http://t.co/6HcjjFhcJq"""
212,458956419144753152,2014-04-23 13:11:51,"b'UIET is in papers again!\nThe Alumni-Students Career Conference is featured in TOI.\n\nAlumni from LinkedIn,... http://t.co/PBXiTy3fiI'"
213,458955665747484672,2014-04-23 13:08:52,"b'UIET is in papers again!\nThe Alumni-Students Career Conference is featured in TOI.\n\nAlumni from LinkedIn,... http://t.co/Zmm2qZkG4E'"
214,457555971158458368,2014-04-19 16:26:59,"b'Here is a glimpse of what happened today at the Alumni Students Career Conference.\n\nAlumni from LinkedIn,... http://t.co/LouyHIQBzM'"
215,457141147584839680,2014-04-18 12:58:37,"b'LinkedIn, ICICI, CDAC, Royal Enfield, Perkin Elmer, Oceaneering - Have you dreamt of being a part of any of these... http://t.co/iwwWLJ7cXq'"
216,456756395975905282,2014-04-17 11:29:45,b'Get a chance to interact with your alumni in some of the biggest companies in a conference to escalate the... http://t.co/1fBeSDvhvg'
217,456421107298353152,2014-04-16 13:17:26,b'Does the thrill of being in the Army and serving your nation excite you? \nCome and meet your alumni tomorrow who... http://t.co/YSMOClfvSD'
218,454967127829520384,2014-04-12 12:59:50,"b'Chinmaya Prakash, CSE 2006, has contributed Rs. 25000 for setting up a scholarship for current students of UIET.... http://t.co/G5Xkmkru6n'"
219,453889397931257857,2014-04-09 13:37:19,b'The Batch of T&amp;IT of 2007 (TITANS) came together for a cause and organized a cricket match in memory of their... http://t.co/3D4bMtTWaI'
220,453168729917243392,2014-04-07 13:53:39,"b""'My Professional achievement - I am yet to be fired from my job. My mom would consider this a great achievement.'... http://t.co/TPscBO9Z7b"""
221,453104843897729024,2014-04-07 09:39:47,b'Alumni Students Career Conference is being held on 19th April 2014.\n\nYou may get in touch with us at... http://t.co/VWSSaFFmP2'
222,452358708602105856,2014-04-05 08:14:55,"b'Alumni Students Career Conference is being held on 19th April 2014 at Golden Jubilee Hall, Panjab University.... http://t.co/xWFKtxDq70'"
223,451343460994654208,2014-04-02 13:00:41,b'We are done with the interviews for Student Team for Alumni Relations. The selected students will be informed by... http://t.co/DLhiKpMbwx'
224,448136004763779073,2014-03-24 16:35:24,b'Get featured in the upcoming Newsletter!\n\nWe would welcome Alumni to share:\n- Articles written by them\n- Event... http://t.co/7V6EPpQq6e'
225,443249511671279616,2014-03-11 04:58:13,"b'Panjab University Annual Athletic Meet 2014!\n\nFor all the students following our page who might be interested, do... http://t.co/tgkOrOB8fi'"
226,441892798388654082,2014-03-07 11:07:07,b'You can fill the form here: http://t.co/UjaeEiWWJC and the deadline is 12 March 2014. http://t.co/3lVj5v0UoI'
227,441892400399933440,2014-03-07 11:05:32,b'You can fill the form here: http://t.co/blievrhO5e and the deadline is 12 March 2014. http://t.co/JQgxjm0KmQ'
228,441891778606546944,2014-03-07 11:03:04,b'I posted a new photo to Facebook http://t.co/gSPxSYWGTF'
229,441576295999475712,2014-03-06 14:09:27,"b'Did you miss your dose of happenings at UIET &amp; the alumni network? To update you, a new and refreshed Alumni... http://t.co/Pyz6ngmwkm'"
230,440744484226088960,2014-03-04 07:04:08,"b'Did you miss your dose of happenings at UIET &amp; the alumni network? To update you, a new and refreshed Alumni... http://t.co/BaYDFc0vp7'"
231,440510272747618304,2014-03-03 15:33:27,"b'""A mentor is someone who sees more talent and ability within you, than you see in yourself, and helps bring it... http://t.co/WWtRj6jEpx'"
232,439763811835191296,2014-03-01 14:07:17,b'Its a call to all the alumni who are interested in supporting Entrepreneurship at UIET. \n\nA second year student... http://t.co/6AqMNk8nhN'
233,439378373995794432,2014-02-28 12:35:42,"b'UIET is in the papers again this week, this time the students making us proud! Our team has won the first prize... http://t.co/7pXwcbMyG7'"
234,439027451210268672,2014-02-27 13:21:15,"b'UIET is proud to announce that its alum, Tapan Babbar has won laurels for his brilliantly designed website: Delhi... http://t.co/XYXynVrywS'"
235,438701725923307520,2014-02-26 15:46:56,b'The Alum Talk that was supposed to be tomorrow has now been postponed to Friday i.e. 28th Feb.\n\nAnupam Yadav... http://t.co/P4Kabq6xgW'
236,438664118183428096,2014-02-26 13:17:30,"b'Meet Your Alumni!\n\nAnupam Yadav (CSE, Batch of 2007) who has 6+ years of industry experience is coming to UIET.... http://t.co/DSExrz2RhS'"
237,438585450916495360,2014-02-26 08:04:54,"b'Meet Your Alumni!\n\nAnupam Yadav (CSE, Batch of 2007) who has 6+ years of industry experience is coming to UIET.... http://t.co/y7i4Se5RSH'"
238,437922475855581184,2014-02-24 12:10:29,"b'On behalf of University Institute of Engineering &amp; Technology, Panjab University, we regret to inform you of the... http://t.co/GQDawgH5X1'"
239,437137027147251712,2014-02-22 08:09:23,"b'""No Education is complete until it strengthens the very community from where it has found its roots.""\nSo,Stay in... http://t.co/V5ZVZ7OiL7'"
240,436734326756360192,2014-02-21 05:29:12,b'UIET invites you to relive one of the most cherished memories of your college time - Goonj!\nYes! the most awaited... http://t.co/90lIgB1zSA'
241,436401584281362432,2014-02-20 07:27:00,"b""Quite a proud moment of having UIET Alumni being featured in today's Times of Chandigarh and that too on the... http://t.co/aUjVowsCW3"""
242,436106760227930112,2014-02-19 11:55:28,b'Its a payback time!\nShare your experience; Lend a hand to current students.\nWho else can understand them better... http://t.co/G8Qs0uhUrQ'
243,435402867957317632,2014-02-17 13:18:27,b'Alumni engagement fuels the progress and development of current students and the institute as a whole.\nLets take... http://t.co/yu6dQk3Ckz'
244,434984280327213056,2014-02-16 09:35:08,b'An alumnus is looking to get a FEA done on a critical component. \nAll those who are interested in learning and... http://t.co/k9oFCZ2g4z'
245,434648340547248128,2014-02-15 11:20:14,b'An open interaction on the complete process of applying to MS programs and getting in to your dream universities! http://t.co/OQfnTpFYFH'
246,434647136488419328,2014-02-15 11:15:27,b'I posted a new photo to Facebook http://t.co/WEFD68dSKG'
247,433936314086735872,2014-02-13 12:10:54,b'Stay connected!:) http://t.co/9mqAjxFvpB'
248,433224978163843072,2014-02-11 13:04:18,"b'The Nest: ""I will fly a thousand miles, with a promise to come back again.""\nOn Dec 28,\'13 UIET launched an annual... http://t.co/tscl2vixjT'"
249,432874953663205376,2014-02-10 13:53:26,"b'""If opportunity doesn\'t knock, build a door!""\nWorking on the principle of Entrepreneurship, an alum with his... http://t.co/EmkF6AGfnr'"
250,431433022517567489,2014-02-06 14:23:42,b'Here is an opportunity for all those who are interested in Finance and Investment Banking!\n\n An alum interaction... http://t.co/hzM636fL21'
251,431424946137726976,2014-02-06 13:51:37,b'There is an opportunity for all those who are interested in Finance and Investment Banking!\n\nAn alum interaction... http://t.co/DP74UpaHeR'
252,431417801207971840,2014-02-06 13:23:13,b'There is an opportunity for all those who are interested in Finance and Investment Banking!\nAn alum interaction... http://t.co/Vnf5jPJ0Le'
253,431045029315244034,2014-02-05 12:41:58,"b'""Today the lines between Mentoring and Networking are blurring. Welcome to the world of Mentworking.""\nSo, be the... http://t.co/cRkzzisSdi'"
254,428362333749256192,2014-01-29 03:01:53,"b""Good Morning!\nHere's the video of UIET Alumnus in US launching scholarship for current students: :... http://t.co/TIsWs5wWi7"""
255,428033900603248640,2014-01-28 05:16:49,b'We are back in office and bring to you the first alumni interaction of the year!\n\nIf you are interested in... http://t.co/4cxcfaofhb'
256,420822199876866048,2014-01-08 07:40:05,"b'I posted 46 photos on Facebook in the album ""Annual Alumni Reunion"" http://t.co/8x5OEUMHo2'"
257,416853283274510336,2013-12-28 08:49:02,b'We are proud to Launch the official Alumni Membership Card today! We hope to see you all today... http://t.co/6cZEkmfgXd'
258,416772771528843264,2013-12-28 03:29:06,"b'Good Morning! \nWe are very excited for today, see you all! http://t.co/7g2AyDVgHb'"
259,416448853806940160,2013-12-27 06:01:58,b'I posted a new photo to Facebook http://t.co/qR9YGsyBS6'
260,416420195696381952,2013-12-27 04:08:06,"b""Here's Dr. Saurabh Bhatia inviting UIET Alumni for the Alumni Reunion tomorrow! http://t.co/VL6Y5VfyHh"""
261,416304131863617537,2013-12-26 20:26:54,"b""As we come close to the D-Day, here's another message from a faculty member, inviting you to the Annual Alumni... http://t.co/vxKzrUqtFH"""
262,415831354564427776,2013-12-25 13:08:15,"b'We invite you to revisit the UIET Campus on Saturday, 28th December in the afternoon... http://t.co/fsCdJwOJs8'"
263,415713374501371904,2013-12-25 05:19:26,b'Merry Christmas!\nHope to see you all this Saturday http://t.co/V1n8ex7FEl'
264,415712738329907200,2013-12-25 05:16:55,b'Merry Chirstmas! Hope to see you all on Saturday http://t.co/mlDXu7y68v'
265,415491736891166720,2013-12-24 14:38:44,"b'Lets live up the spirit of reunions, nostalgia and reminiscence in this winter chill. The next opportunity comes... http://t.co/SxX3dY7Pbw'"
266,415460150322163712,2013-12-24 12:33:13,b'A message for the UIET Alumni Network! http://t.co/klIsABBOMm'
267,415317524532973568,2013-12-24 03:06:28,"b'Begin your Day with this message, inviting you for the Annual Alumni Reunion... http://t.co/MRmk4KOy2n'"
268,415136082515095552,2013-12-23 15:05:29,b'A message for the UIET Alumni Network! http://t.co/dJdxASGkrJ'
269,415135222813196288,2013-12-23 15:02:04,"b""Here's a Video Invitation for the UIET Alumni Network. Please share this invite with each and every UIETian... http://t.co/fzLyTYWNCr"""
270,415134600705224705,2013-12-23 14:59:36,"b""Here's a Video Invitation for the UIET Alumni Network. Please share this invite to each and every UIETian you're... http://t.co/N8ULdN65IP"""
271,414991267157000192,2013-12-23 05:30:02,b'Only 5 days to go for the Annual Alumni Reunion! Do not miss this chance to get together with your friends and... http://t.co/cf5T37luSR'
272,413711447458586624,2013-12-19 16:44:30,"b""Here's a quick glimpse of organisations supporting us to make the annual reunion successful! http://t.co/phh5CvIP0R"""
273,413710574833664000,2013-12-19 16:41:02,"b""We've begun the value addition phase for our Alumni Network! Stay tuned for more! \n\nHope to see you at the Annual... http://t.co/YpcvSJSCaH"""
274,413671865219940352,2013-12-19 14:07:12,b'We are excited to launch the first privilege partnership for UIET Alumni! \n\nStay tuned for more relevant and... http://t.co/s9iZnjjVFL'
275,413650846719569920,2013-12-19 12:43:41,b'@Niff_Tee Here you go! :) http://t.co/ZY4nvm0lBh'
276,413638797906018304,2013-12-19 11:55:49,b'An International Conference on Recent Advances in Engineering and Computational Sciences (RAECS 2014) is being... http://t.co/te1iPy5PZd'
277,413286786412990464,2013-12-18 12:37:03,b'Are you an alumni of @uietchd? In Chd on 28th Dec? Come to the Annual Alumni Reunion! Details at uietalumni.in #reunion #UIET'
278,413186438097039360,2013-12-18 05:58:18,b'http://t.co/7LhFeNd9Jv'
279,412984188636516352,2013-12-17 16:34:38,b'Still thinking where to get your tickets from for the Annual Alumni Reunion? Think no more! We have options for... http://t.co/PGW2kDh1Rm'
280,412967898295336960,2013-12-17 15:29:54,"b'Calling all UIET Alumni! Share this post, lets make this happen... http://t.co/Tt1Zedt2LY'"
281,412947972197195776,2013-12-17 14:10:43,b'To make this Alumni Reunion a Success - We need you to Volunteer Now!\nHelp us in reaching out to your branch... http://t.co/vEXcbXw3Hx'
282,412916545841405952,2013-12-17 12:05:50,"b""Here's a Job Opportunity floated by a UIET Alumnus:\n\nAkamai Bangalore hiring Account Development Executive... http://t.co/G6Th1CBm8c"""
283,412605721134780416,2013-12-16 15:30:44,"b'Have you been taught by Dr. Manu Sharma?\n\nHear out his message to all Alumni:\n\nAs we get closer to the Day, we... http://t.co/fZjvy41ZTi'"
284,412605075996299264,2013-12-16 15:28:10,"b'As we get closer to the Day, we bring you a powerful message by another faculty member, inviting you all for the... http://t.co/quuIunxq0l'"
285,411521494637105152,2013-12-13 15:42:24,"b""Have you been taught by YP sir during your time at UIET? \n\nHere's a message from him to all the Alumni!... http://t.co/Zry0PUesrs"""
286,411512908770574336,2013-12-13 15:08:17,b'We just finished a Planning meeting which focussed on how we can get more Alumni at this reunion. We hope all of... http://t.co/AHR8TZ5Bo9'
287,411371254420373504,2013-12-13 05:45:24,"b'Confirmations have started coming in for the Annual Alumni Reunion! To make things even better, we got featured... http://t.co/gVz1PXkgv3'"
288,411097060340150272,2013-12-12 11:35:51,"b""Working in IT Park?\nWant to buy passes for the Reunion but don't want to use your card or come all the way to... http://t.co/jmSpqPAa43"""
289,411018703711784960,2013-12-12 06:24:29,"b'Look what arrived in the Alumni office! Tickets for the Annual Alumni Reunion on Saturday, 28 December 2013 are... http://t.co/DCqq2HJv95'"
290,410791448901320704,2013-12-11 15:21:28,"b'We are excited to welcome all our Alumni to the Alumni Reunion on 28th December 2013.\n\nFrom today, we start a... http://t.co/VkPhILFMBy'"
291,410770283856154624,2013-12-11 13:57:22,"b'We are excited to welcome all our Alumni to the Alumni Reunion on 28th December 2013.\n\nFrom today, we start a... http://t.co/F1EK5K0039'"
292,410279154861752320,2013-12-10 05:25:47,"b""On this bright sunny morning here in Chandigarh, here's a special video for the batch of 2008!\n\nCome relive your... http://t.co/UMoEiFsFfT"""
293,409204249252610048,2013-12-07 06:14:30,b'Update from Delhi:\n\nWe have reached Raasta (Hauz Khas Village) and are looking forward to catch up with a lot of... http://t.co/TORKVVzsL6'
294,408937482982789120,2013-12-06 12:34:28,b'Dear Alumni!\n\nWe are happy to tell you that:\n\n- Our UIET Alumni Europe Chapter is going to get together... http://t.co/1LMI2h3Edq'
295,408463651700752384,2013-12-05 05:11:38,"b'Are you an alum living in Delhi? We would love to meet you this Saturday, 7th December! Please RSVP on the event... http://t.co/SxnbbmK564'"
296,408189582757621760,2013-12-04 11:02:34,b'We are coming to Delhi this Saturday to meet our alumni based in NCR! RSVP at the event link below! http://t.co/BtINxBbvt2'
297,407148001488936960,2013-12-01 14:03:42,"b""Hope that your weekend went by with catching up with friends!\n\nWe have a special video for the 'Batch of 2007' and... http://t.co/wx43RB4UYw"""
298,406430227057745920,2013-11-29 14:31:31,b'28 December!\nThe day is not far.\n\nRegister on the link below for the Annual Alumni Reunion:... http://t.co/EMEMsfE3Df'
299,406429547454660608,2013-11-29 14:28:49,b'28 December!\nThe day is not far.\n\nRegister on the link below for the Annual Alumni Reunion:... http://t.co/3MKt2Gm2vG'
300,406429083661135872,2013-11-29 14:26:59,b'a few seconds ago\n28 December!\nThe day is not far.\n\nRegister on the link below for the Annual Alumni Reunion:... http://t.co/f0rg7fZNzr'
301,405552534414045184,2013-11-27 04:23:53,"b""Good Morning!\n\nHere's to reliving old memories of the 2006 batch of UIET. Watch out for the videos of succeeding... http://t.co/QqZbKYodQH"""
302,405333062755430400,2013-11-26 13:51:47,"b'Here is a special video for the batch of 2006. If you want to relive these memories with your long lost friends,... http://t.co/2eexQOpQQu'"
303,405231787283984385,2013-11-26 07:09:21,b'We now have the timer for the Reunion up on our website!\nTime is ticking away!\n\nHave you registered for the... http://t.co/gVsc24FyhG'
304,404987639121457152,2013-11-25 14:59:12,b'Whether it is your first time back to Grounds as a recent alum or you are returning back to celebrate your... http://t.co/AwlnMvVXNL'
305,403856663931027456,2013-11-22 12:05:06,"b""Don't miss out on the Annual Alumni Reunion on 28th December 2013. \n\nIf you miss out this time, you will have... http://t.co/fFZoLplzui"""
306,403485395662303232,2013-11-21 11:29:49,b'Alumni have started confirming their availability for the Annual Alumni Reunion so as to commemorate their place... http://t.co/cNpvDZZNrR'
307,403484916333035520,2013-11-21 11:27:55,b'Alumni have started confirming their availability for Annual Alumni Reunion so as to commemorate their place in... http://t.co/dhAaIj1olL'
308,403484475960479744,2013-11-21 11:26:10,b'Alumni have started confirming their availability for Annual Alumni Reunion so as to commemorate their place in... http://t.co/A86hIn7IjF'
309,401245029853057024,2013-11-15 07:07:24,"b'Are you an alum of UIET, Panjab University? \nWant to catch up with your batch mates?\n\nRegister on the link below... http://t.co/Xa2bPUcRqZ'"
310,400238731694989312,2013-11-12 12:28:44,"b'We are proud to present the 1st Annual Alumni Reunion of UIET, Panjab University.\nVenue: Hotel Shivalik View,... http://t.co/EK052YhIfK'"
311,399903766826467329,2013-11-11 14:17:42,"b'We are proud to present the 1st Annual Alumni Reunion of UIET, Panjab University. \nVenue: Hotel Shivalik View,... http://t.co/aONycdeyvK'"
312,395397521406976000,2013-10-30 03:51:29,b'UIET is coming up with its refreshed Vision statement. Please share your valuable thoughts here and check out the... http://t.co/mReWztqCNb'
313,394795081670348800,2013-10-28 11:57:37,"b'I posted 53 photos on Facebook in the album ""Aditya Sahi Memorial Cup"" http://t.co/KD0XPMPe2y'"
314,394476840707821568,2013-10-27 14:53:02,"b'Aditya Sahi Memorial Cup, an endeavour to bring alumni, faculty and students together through cricket accomplished... http://t.co/3U77guiBD1'"
315,394128276525834240,2013-10-26 15:47:58,"b""Trials were held today and we have both students and faculty ready for tomorrow's match.\nAre you ready Alumni... http://t.co/5sBMjDd9Vg"""
316,394127131317268481,2013-10-26 15:43:25,"b""Trials were held today and we have both students and faculty ready for tomorrow's match.\nAre you ready Alumni... http://t.co/e02R9a4zTF"""
317,393747134971129857,2013-10-25 14:33:27,"b'Reminder - Aditya Sahi Memorial Cup!\nWe have trials tomorrow for students, faculty and alumni at UIET campus from... http://t.co/0GD1sqJe01'"
318,393027132063883266,2013-10-23 14:52:25,"b'Aditya Sahi Memorial Cup! Come be a part of a one of its kind match between students, faculty &amp; alumni. Trials on... http://t.co/BUld7viblm'"
319,393027013948104704,2013-10-23 14:51:56,"b'Aditya Sahi Memorial Cup! Come be a part of a one of its kind match between students, faculty &amp; alumni. Trials on... http://t.co/HGCId75fNg'"
320,391121775805079552,2013-10-18 08:41:12,b'The 7th volume of our Alumni Newsletter is out! We have exciting news around:\n\n- Scholarships for UIET students\n-... http://t.co/7PmtsxWRn4'
321,391112042830381056,2013-10-18 08:02:32,b'Nominations for Alumni Executive Team - One day left!\n\nWe invite members (alumni) who are in Chandigarh to come... http://t.co/3MRjbm0hPN'
322,388556761479004160,2013-10-11 06:48:45,b'Only 1 day to go! Do not miss this chance to interact with your alum studying in IIM-C.\nRegister for free:... http://t.co/pBtxSmwLPV'
323,387229668811608064,2013-10-07 14:55:22,b'Wishing our Director Prof. Dr. Renu Vig a very Happy Birthday. We hope she has a wonderful evening and continues... http://t.co/PGfqKWXgcL'
324,384635841277988864,2013-09-30 11:08:25,b'We want to ensure that no current student at UIET faces the same problems which you would have faced trying to... http://t.co/kHhjZwk6xH'
325,381067749545349120,2013-09-20 14:50:06,b'For the first time in this region.\nAlumni have shared their experience during recruitment.\nThey are helping... http://t.co/GE8dG7kCqN'
326,380741132243574784,2013-09-19 17:12:14,"b'connEXions volume 6, September 2013 has been released.\nCheck the promotions tab in Gmail to view it.\nSubscribe... http://t.co/qhpnjuwM9A'"
327,380738766639349760,2013-09-19 17:02:50,"b'connEXions volume 6, September 2013 has been released.\nCheck the promotions tab in Gmail to view it.\nSubscribe... http://t.co/cinj7YXBoH'"
328,378206046814502912,2013-09-12 17:18:42,b'Do not miss an opportunity to interact with a lieutenant in the Indian Army who is also an alum of UIET. Attend... http://t.co/ohrFuUlSpS'
329,378118611983806465,2013-09-12 11:31:16,b'Are you a member of the official Facebook group of UIET Alumni?\nhttps://t.co/bkYlVIyRUL\nBe a... http://t.co/eOXTUMBL1Y'
330,378114633862610944,2013-09-12 11:15:28,b'Are you a member of the official Facebook page of UIET Alumni?\nhttps://t.co/bkYlVIyRUL\nBe a part... http://t.co/aiJVNhOe16'
331,377464138056081408,2013-09-10 16:10:38,b'What if you were given an opportunity to help students prepare for the recruitment process?\nAnd all this by just... http://t.co/ClabT1xBh9'
332,376364539828121600,2013-09-07 15:21:13,b'Almost 1200 members of our Alumni Network have been reconnected to the institute through our social media channel... http://t.co/8vart9hgqq'
333,375618648305455105,2013-09-05 13:57:19,b'Yet another platform for alumni to interact with UIET.\nJoin the Alumni Affairs community on Google+\nAnd also... http://t.co/3UtTwoaBMK'
334,375228226701754368,2013-09-04 12:05:55,"b""The Alumni Affairs Office is back with another 'Interaction' with alumni. This time its for students who wish to... http://t.co/902NnY0MNl"""
335,374857075395813376,2013-09-03 11:31:05,b'Take home something to remind yourself of your college days.\nOrder UIET Alumni merchandise from our website:... http://t.co/DjG2uOLP6V'
336,374115837994487808,2013-09-01 10:25:41,"b'As the sun starts setting down at the horizon,\nour Alma-mater prepares for another week.\nA very important week... http://t.co/7M8YVbZMbr'"
337,373760620471926784,2013-08-31 10:54:10,"b""Here's what students had to say after the first ever resume review workshop was hosted by UIET with its alumni:... http://t.co/1DyEroL6Vd"""
338,373759436554125312,2013-08-31 10:49:28,"b""Here's what students had to say after the first ever resume review workshop was organized by Alumni Affairs... http://t.co/b7Y9xQmiMy"""
339,373062326900891649,2013-08-29 12:39:24,b'The Alumni Affairs Office is organizing \xe2\x80\x9cAlumni Interaction for Resume Review\xe2\x80\x9d. It is a one day workshop which... http://t.co/20RJf4Ml6H'
340,372774449923112960,2013-08-28 17:35:29,b'I posted a new photo to Facebook http://t.co/2zp1rnr6N3'
341,372327387561598976,2013-08-27 11:59:01,"b'The Student Team for Alumni Relations welcomes you to UIET, Chandigarh. During your course of 4 (or 5) years you... http://t.co/UtAHTGMzGL'"
342,371998297868607488,2013-08-26 14:11:20,"b'For the first time ever, new students were introduced to the importance of Alumni Relations in an institution.... http://t.co/LANiWbwx7T'"
343,371894759280766976,2013-08-26 07:19:54,b'EEE interaction with an Alumnus.\nAll EEE students must attend it. Please share this poster on your timeline. For... http://t.co/6FZKIECt1U'
344,370243403713236992,2013-08-21 17:58:00,b'Alumni Mentorship Program has begun!\nYou can start guiding students and taking their queries.\nCheck you email... http://t.co/l328vpa7vb'
345,370146441445916672,2013-08-21 11:32:43,b'Stay in touch with your Alma-mater.\nGet all updates in your news feed!\nLike the official Facebook Page of UIET:... http://t.co/1GTMCeWCz8'
346,370048146354601984,2013-08-21 05:02:07,"b""Look what hit the news in today's edition of Times Of Chandigarh.\nhttp://t.co/piVn4Lkhhk http://t.co/XkaRWNBmxm"""
347,369426635893645313,2013-08-19 11:52:28,"b""What's different in the UIET Alumni Website?\nIt caters to alumni, students and even faculty's requirements from... http://t.co/OaBCGPIhot"""
348,369031351317442560,2013-08-18 09:41:45,"b'August 2013, Volume 5 of our newsletter, connEXions is out!\nIt comes with colours of change, celebrating the... http://t.co/DulakIcqzD'"
349,368706350974377984,2013-08-17 12:10:18,b'Help UIET students learn about their experience in an organization by sharing your own story. Guide them about... http://t.co/JiQvEvlOc6'
350,368294080440066048,2013-08-16 08:52:06,b'A one stop portal for all different initiatives for Alumni has been Launched! Check it out: http://t.co/piVn4Lkhhk http://t.co/r3R7hLpnUJ'
351,368291094628270083,2013-08-16 08:40:14,b'The website is meant to act as an information portal for all activities taken up for the Alumni of UIET. Anyone... http://t.co/wvZzrRhC5v'
352,368290821428101120,2013-08-16 08:39:09,b'UIET Alumni get their own website.\nThe website is meant to act as an information portal for all activities taken... http://t.co/9su5cJP2zO'
353,368013353844604928,2013-08-15 14:16:35,b'Opening in under 30 minutes. http://t.co/DDvYt52Z0T'
354,367903796564721665,2013-08-15 07:01:15,"b'This Independence Day we move over to an independent network, of the Alumni and for the Alumni.\nLess than 8 hours... http://t.co/CWJ9jYFzLX'"
355,367667926666465280,2013-08-14 15:23:59,b'Coming soon\nhttp://t.co/piVn4Lkhhk http://t.co/MzlIFQilhX'
356,367578794191618048,2013-08-14 09:29:48,b'I posted a new photo to Facebook http://t.co/VFRNB9gjRR'
357,367319242103726080,2013-08-13 16:18:26,"b""What's next for UIET Alumni?\nTheir own website! The web development team for Alumni Affairs has been trying and... http://t.co/BVQF4SzpCk"""
358,366979073970417664,2013-08-12 17:46:44,b'I posted a new photo to Facebook http://t.co/p8Swc02OQP'
359,366803781117157377,2013-08-12 06:10:10,"b""UIET has always had opportunities to boast about its Alumni. Here's another example explaining why. Saurabh... http://t.co/fVrYayNHZs"""
360,366486409948839936,2013-08-11 09:09:03,"b""What's better than online CAT preparation?\nFree, online CAT Preparation!\nAll MBA aspirants, check it out:... http://t.co/bl2cwX1s8F"""
361,366219693259882497,2013-08-10 15:29:13,b'Its not everyday that a student steps out of what the syllabus demands and does something that makes the college... http://t.co/iUryw2j6i4'
362,366219382000582658,2013-08-10 15:27:59,b'Its not everyday that a student steps out of what the syllabus demands and does something that makes the college... http://t.co/FLM4JFWnWc'
363,366219368876621825,2013-08-10 15:27:56,b'Its not everyday that a student steps out of what the syllabus demands and does something that makes the college... http://t.co/FL9Nhr0Rv2'
364,365148065507713024,2013-08-07 16:30:57,b'Alma-mater matters.\nEngineering aspirants see UIET as a center for ultimate knowledge. It is the foundation for... http://t.co/0tAoRZi4Y9'
365,364310313727819776,2013-08-05 09:02:02,b'UIET Alumni covered by Hindustan Times Campus Reporter.... http://t.co/l7lhKcjpB0'
366,363140294339854337,2013-08-02 03:32:47,b'UIET Alumni to get its own website very soon (launched with connEXions vol 5)\nThrough this post we want to get an... http://t.co/CdgjRmzazv'
367,362622941235650560,2013-07-31 17:17:01,"b""It is time to welcome new students to the campus.\nShare your story, tell them about the life that they're headed... http://t.co/LeplD8qMlP"""
368,362595362348859392,2013-07-31 15:27:25,"b'Uiet Pu invites all the UIETians, UIET Alumni and, potential UIETians to connect with us and stay updated with... http://t.co/uEj8eSHl8v'"
369,362563225222512640,2013-07-31 13:19:43,"b""It is time to welcome new students to the campus.\nShare your story, tell them about the life that they're headed... http://t.co/1fSnH0rK8A"""
370,362197396601573380,2013-07-30 13:06:03,b'Coming up for UIET Alumni\n- Orientation of the coming batch: Share you story with new and confused students who... http://t.co/tMFcGYCsJX'
371,360747940396011521,2013-07-26 13:06:26,b'An interesting read for all graduated of UIET.\nFeel proud to be an engineer.... http://t.co/CDcwjhyZc5'
372,360052291887308801,2013-07-24 15:02:10,"b""Some of the Alumni have complained that they are not receiving our monthly newsletter 'connEXions'. Maybe the... http://t.co/61vgPfohkh"""
373,359916441308364800,2013-07-24 06:02:21,b'UIET campus gets two Alumni Affairs notice boards!\nFor students and faculty to know about our Alumni and... http://t.co/fUUx1sj0uK'
374,359624481125310465,2013-07-23 10:42:12,b'Alumni Mentorship Program (AMP)\n2 more days left to sign-up as a mentor!\n\nAlumni Register Now:... http://t.co/KAKdAbs3Ih'
375,358824882911461379,2013-07-21 05:44:53,"b'Be a mentor.\nLast date of submission: Thursday, 25th of July\n\nFor available here at:... http://t.co/vWT03k5Dke'"
376,358096240711442433,2013-07-19 05:29:31,b'Form available here at:\nhttp://t.co/3NGAUi18uo http://t.co/rpH4wiZvCv'
377,357817409920434178,2013-07-18 11:01:33,b'Be a Mentor.\n\nhttp://t.co/tcFyOyeraG http://t.co/Ct18FSt6Yt'
378,357048494508351488,2013-07-16 08:06:09,b'http://t.co/EA1335QGCp'
379,356290563730976768,2013-07-14 05:54:24,b'connEXions volume 4 is in your inbox!\nWe have redefined its layout and added a lot of content to it.\nIt comes... http://t.co/GhYKb91mw0'
380,356072434329329664,2013-07-13 15:27:38,b'connEXions volume 4 is in your inbox!\nWe have redefined its layout and added a lot of content to it.\nIt comes... http://t.co/stYfFhMfAs'
381,355204617568657411,2013-07-11 05:59:14,"b""Are you an Alumni who is passionate about Entrepreneurship? Contribute to the development of UIET's students'... http://t.co/UM7WniAzmv"""
382,354491974218301440,2013-07-09 06:47:27,b'Now Launching....\n\nThe Alumni Mentorship Program (AMP)\n\nGet more details here:... http://t.co/0vq4oDHeZg'
383,353520301948145665,2013-07-06 14:26:22,"b'With over 1000 joining out network, we are looking forward to start projects for Alumni Engagement. Make sure you... http://t.co/u6rqCvs2Ec'"
384,350863632571170816,2013-06-29 06:29:43,"b'With just two more days to go and over 10 applications already with us, we will be inaugurating Alumni Chapters... http://t.co/xmI0uIBnr9'"
385,350135666895626245,2013-06-27 06:17:02,b'http://t.co/nSmfuOS78z'
386,349156202833403904,2013-06-24 13:25:00,b'UIET Alumni Chapters\nSet up a Chapter in your region and be its Ambassador. Do not miss a chance to lead all... http://t.co/zOs45qSGxk'
387,349155773303103488,2013-06-24 13:23:18,b'UIET Alumni Chapters\nSet up a Chapter in your region and be its Ambassador. Do not miss a chance to lead all... http://t.co/GKnLuo1hCV'
388,348763837295644672,2013-06-23 11:25:53,"b'At this very moment, we launch the first phase of our Region/City based Alumni Chapters.\n\nThe Need for Alumni... http://t.co/cg5JYplloo'"
389,348099697967247360,2013-06-21 15:26:50,b'http://t.co/afd3DbpCEJ'
390,347711079947849728,2013-06-20 13:42:36,"b""To complete our 'Vision and Mission' Goals through Alumni of our Institution, we need the complete database! And... http://t.co/P8ZsWACsvp"""
391,346859560079855616,2013-06-18 05:18:58,"b'What can we learn from this? The Alumni network can bring you the social, emotional &amp; economic value without you... http://t.co/wPlfutlHfU'"
392,346150915436318720,2013-06-16 06:23:04,"b""What's next for UIET Alumni?\nWe did not stop at the Reunion, we have only just begun! http://t.co/ROhsnrCJSl"""
393,344474773142794241,2013-06-11 15:22:40,"b""The third volume of our monthly, 'connEXions' is here with updates on all the alumni activities!\nNot in your... http://t.co/zV8Px1BAP8"""
394,344066990136238080,2013-06-10 12:22:17,b'UIET has given each and everyone their own set of memories. Each individual shapes their own journey and we know... http://t.co/lkqUTCGDaf'
395,343999819897004033,2013-06-10 07:55:22,"b'I posted 47 photos on Facebook in the album ""A Conference on Institutional Reforms- 17 May 2013"" http://t.co/JFGhlmE1LH'"
396,343999411183046656,2013-06-10 07:53:45,b'I posted a new photo to Facebook http://t.co/AwGpZCrsnE'
397,343998365983465472,2013-06-10 07:49:36,"b'Here are the Photos of the first ever Alumni Reunion of UIET, Chandigarh.\nComment, Share, Like and tag your buddies! http://t.co/O1HUdCGJ4B'"
398,343990929088184320,2013-06-10 07:20:03,"b'I posted 56 photos on Facebook in the album ""UIET Alumni Reunion-1st June 2013"" http://t.co/921npkiQ2H'"
399,342885564766371840,2013-06-07 06:07:43,b'An amazing opportunity for developers being provided by Yahoo! It will be great to see UIET students and alumni... http://t.co/0oSaVXbGN7'
400,342548770409553920,2013-06-06 07:49:25,b'For Alumni: How to Promote Career Opportunities amongst UIETians/Alumni?\n\nDear Alumni\n\nIf you do have... http://t.co/QkjVH3OGAv'
401,341571499653738497,2013-06-03 15:06:06,"b'It was a pleasure to see those laughing faces and ex-classmates embracing their long-lost moments of friendship,... http://t.co/dkjPFjLetO'"
402,341439693860249601,2013-06-03 06:22:21,"b'Once again, Thank You all for the overwhelming response to our first Alumni Reunion! \nWe hope this is just the... http://t.co/tTmOerR7su'"
403,340785118245445633,2013-06-01 11:01:18,b'UIET is abuzz with last minute preparations to welcome its alumni.\nStudents and Faculty are working together in a... http://t.co/4CvFD60qPx'
404,340518309567029248,2013-05-31 17:21:06,"b'With less than 24 hours left for the first ever Alumni Reunion of UIET, the number of confirmed attendees is more... http://t.co/yxEuYPBcfU'"
405,340120008069894144,2013-05-30 14:58:23,"b""4 exciting out of the box startups already confirmed!\n\nDon't miss out, if you have a startup, register NOW! http://t.co/MIF8WkFnge"""
406,340071570359869441,2013-05-30 11:45:55,"b""A few more reasons for not missing the first ever Alumni Reunion of UIET:\n\n-Watch glimpses of UIET's performance... http://t.co/tFdGYjVQxg"""
407,339690321841623040,2013-05-29 10:30:58,b'A few reasons for not missing the first ever Alumni Reunion of UIET:\n\n-Swim in a pool of nostalgia with your... http://t.co/i4WphasXnw'
408,339273221859860480,2013-05-28 06:53:34,b'We invite alumni from every batch to stand up and represent their batch during the eXperience sharing session!... http://t.co/nWnss8rVui'
409,339007530057494530,2013-05-27 13:17:48,"b""Here's a glimpse of what's in store for you at the Alumni Reunion. This also includes a summary of the Agenda.... http://t.co/Xf7z3DR8BA"""
410,339006967374823425,2013-05-27 13:15:34,"b""Here's a glimpse at what's in store for you at the Alumni Reunion. This also includes a summary of the Agenda.... http://t.co/QzzQuT9lrC"""
411,339004723074052096,2013-05-27 13:06:39,"b""Here's an important and exciting update from our side!\nHope to welcome as many alumni at the reunion. \n\nPlease... http://t.co/5yAFzNJagm"""
412,338266320258875394,2013-05-25 12:12:30,b'See you today at 7pm! We are excited to meet our alumni in Delhi. http://t.co/nQz8QoKN1f'
413,337795310053126144,2013-05-24 05:00:52,"b""Here is the much awaited output of the 'Conference on Institutional Reforms' held on 17th May 2013. Have a look... http://t.co/cg9DfIWaYJ"""
414,337471208083820545,2013-05-23 07:33:00,b'We are extremely excited to welcome our entrepreneurial talent at UIET through the first ever StartUp Cafe @... http://t.co/BDuhcqyfbh'
415,336881694432964608,2013-05-21 16:30:29,"b'A Prelude to the Alumni Reunion! Calling all UIET Alumni based in NCR. \nJoin us on this coming Saturday, 25th May... http://t.co/InkbAqZBUP'"
416,336134521621708800,2013-05-19 15:01:29,b'A Conference on Institutional Reforms (May 17th) turned out lucrative and was well fed with good remarks from all... http://t.co/Upojp5tzgF'
417,335792365015035904,2013-05-18 16:21:53,b'A Conference on Institutional Reforms (May 17th) turned out lucrative and was well fed with good remarks from all... http://t.co/RPqRKsVFip'
418,332571479763980289,2013-05-09 19:03:14,b'As you all know that a conference on institutional reforms is being organized at UIET on the 17th of May. Here is... http://t.co/5ihViWncah'
419,332388056432787456,2013-05-09 06:54:22,"b""We've already got our first few registrations for the 'Alumni Reunion'\nSo hurry up, do not miss the early bird... http://t.co/jWobyEq7Me"""
420,332045359222255616,2013-05-08 08:12:37,"b""Registrations for UIET's maiden Alumni Reunion are now open\nDo not miss it!\nSign up before the 25th of May to... http://t.co/l4ReXU0grO"""
421,331834889232072704,2013-05-07 18:16:17,"b""Time now to release the dates for the much awaited and much anticipated 'Convocation of the 2012 Batch'\nIt is... http://t.co/ONVrcRe7vw"""
422,329646906064130048,2013-05-01 17:22:01,"b'Finally, we reveal the dates for the Alumni Reunion.\nBe there and catch up with your batchmates!\n\npsst.. Want... http://t.co/iurhI0x8X1'"
423,329585182900383745,2013-05-01 13:16:45,"b'UIET Alumni Affairs presents,\nAn opportunity to train/work with an Alumni start-up.\nAttend the seminar to know... http://t.co/V4TIpzukvl'"
424,327850878461693952,2013-04-26 18:25:15,b'Catch the UIET NASA Moonbuggy Team live on Ustream at... http://t.co/IbRMUmdiWh'
425,327468318703366145,2013-04-25 17:05:05,"b'An update from the newsletter team:\n""We\'re working on the 2nd Alumni newsletter. It would only be sent to people... http://t.co/EwO9rQsF2r'"
426,326969328933167104,2013-04-24 08:02:17,b'What is the importance of Alumni involvement?\nListen to what students think about visiting alumni. http://t.co/NcN3aeWe9A'
427,326647644434882560,2013-04-23 10:44:01,"b'How did you like the first copy of connEXions, the alumni newsletter ?\nComment on it below.\nYour views are... http://t.co/q57m1I7JtD'"
428,326213916977938433,2013-04-22 06:00:33,b'An interesting thought to start a new week! http://t.co/9paD4LdLGb'
429,324765194024796161,2013-04-18 06:03:50,"b""We are PROUD to inform you of UIET's participation (first time ever) at the NASA Moonbuggy Competition in Alabama,... http://t.co/4lAL1wjnMf"""
